kind,word,score
path,permission,0.5455
path,permissions,0.5455
path,management,0.4000
path,workflow,0.3750
path,composites,0.3333
path,policy,0.3333
path,roles,0.3000
path,members,0.2857
path,client,0.2807
path,role,0.2727
path,clients,0.2500
path,collaborators,0.2500
path,disable,0.2500
path,enterprise,0.2500
path,enterprises,0.2500
path,mappings,0.2500
path,policies,0.2500
path,privilege,0.2500
path,privileges,0.2500
path,usergroups,0.2500
path,email,0.2222
path,apikeys,0.2143
path,approve,0.2143
path,scopes,0.2143
path,block,0.2000
path,invitations,0.2000
path,state,0.2000
path,user,0.2000
path,scope,0.1875
path,access,0.1667
path,id4ns,0.1667
path,realm,0.1618
path,users,0.1544
path,requests,0.1500
path,accountname,0.1429
path,organizer,0.1429
path,organizers,0.1429
path,accounts,0.1250
path,invite,0.1250
path,username,0.1250
path,group,0.1086
path,actions,0.1000
path,groups,0.0900
path,orgs,0.0833
path,name,0.0800
path,project,0.0702
path,projects,0.0702
path,apps,0.0690
path,products,0.0667
path,product,0.0588
path,organizations,0.0526
path,owner,0.0465
path,organization,0.0435
param,expires,0.4000
param,permission,0.3750
param,policy,0.3333
param,access,0.3182
param,user,0.3000
param,email,0.2778
param,level,0.2692
param,create,0.2500
param,enterprise,0.2500
param,linkedin,0.2500
param,organizer,0.2500
param,privilege,0.2500
param,role,0.2500
param,skype,0.2500
param,twitter,0.2500
param,website,0.2500
param,client,0.2424
param,admin,0.2000
param,confirm,0.2000
param,description,0.2000
param,extern,0.2000
param,external,0.2000
param,limit,0.2000
param,location,0.2000
param,password,0.2000
param,path,0.2000
param,projects,0.2000
param,username,0.2000
param,visibility,0.1667
param,realm,0.1618
param,accountname,0.1429
param,enabled,0.1429
param,product,0.1429
param,provider,0.1429
param,request,0.1000
param,name,0.0969
param,project,0.0833
param,account,0.0789
param,organization,0.0769
param,anchore,0.0714
param,authorization,0.0526
param,group,0.0468
param,owner,0.0465
param,body,0.0256
param,token,0.0256
